과목,문제,보기1,보기2,보기3,보기4,보기5,정답,해설,속성,영역
국어,손을 깨끗이 ___.,씻써요,씻어요,싯어요,씨서요,씯어요,2,'씻다'는 'ㅅ' 받침을 써요. 소리는 [씨서요]지만 글로는 '씻어요'예요.,에스퍼,받침·맞춤법
국어,밥을 짓는 곳을 바르게 쓴 낱말은 무엇일까요?,부억,부엊,부옄,부엌,부엍,4,'부엌'은 'ㅋ' 받침을 써요. 소리는 [부억]이지만 글로는 '부엌'이에요.,노말,받침·맞춤법
국어,새가 하늘을 ___.,낟아요,나라요,날아요,날어요,날라요,3,'날다'에 '아요'를 붙여 '날아요'라고 써요. 소리는 [나라요]예요.,노말,받침·맞춤법
국어,동생이 의자에 ___.,안자요,앉아요,않아요,앉자요,안짜요,2,'앉다'는 'ㄴ'과 'ㅈ'을 함께 쓰는 겹받침이에요. 소리는 [안자요]지만 글로는 '앉아요'라고 써요.,페어리,받침·맞춤법
국어,삼촌은 병원에서 일하는 의사예요. '의사'는 무슨 일을 하는 사람일까요?,집을 지어요,음식을 만들어요,불을 꺼요,아픈 사람을 고쳐요,노래를 불러요,4,의사는 아픈 사람을 진찰하고 고쳐 주는 사람이에요.,페어리,낱말 뜻
국어,불이 나자 소방관 아저씨가 달려왔어요. '소방관'은 무슨 일을 하는 사람일까요?,편지를 배달해요,불을 꺼요,공부를 가르쳐요,아픈 사람을 고쳐요,그림을 그려요,2,소방관은 불이 나면 불을 끄고 사람을 구해요.,페어리,낱말 뜻
국어,점심때가 되니 배가 고파요. '배고프다'는 어떤 느낌일까요?,밥을 먹고 싶어요,자고 싶어요,울고 싶어요,놀고 싶어요,씻고 싶어요,1,'배고프다'는 배 속이 비어서 밥을 먹고 싶은 느낌이에요.,노말,낱말 뜻
국어,지호는 연필을 깎아 필통에 넣었어요. '연필'은 무엇을 할 때 쓰는 물건일까요?,글씨를 쓸 때,옷을 입을 때,잠을 잘 때,밥을 먹을 때,머리를 빗을 때,1,연필은 글씨를 쓰거나 그림을 그릴 때 써요.,페어리,낱말 뜻
국어,다음 중 모양이나 움직임을 흉내 내는 말은 무엇일까요?,부릉부릉,콜록콜록,살금살금,딩동딩동,야옹야옹,3,'살금살금'은 조용히 걷는 모양을 흉내 낸 말이에요. 나머지는 모두 소리를 흉내 낸 말이에요.,에스퍼,흉내말·반대말
국어,유리컵이 바닥에 떨어져 ___ 깨졌어요. 빈칸에 어울리는 흉내말은 무엇일까요?,쨍그랑,딩동댕,꼬끼오,우르릉,따르릉,1,"유리가 깨지는 소리는 '쨍그랑'이에요. 꼬끼오는 닭, 우르릉은 천둥, 따르릉은 전화 소리예요.",노말,흉내말·반대말
국어,'길다'의 반대말은 무엇일까요?,얇다,작다,가늘다,크다,짧다,5,'길다'의 반대말은 '짧다'예요.,페어리,흉내말·반대말
국어,'빠르다'의 반대말은 무엇일까요?,짧다,무겁다,느리다,약하다,작다,3,'빠르다'의 반대말은 '느리다'예요.,노말,흉내말·반대말
국어,"'우아, 눈이 와요__' 기뻐서 소리칠 때 빈칸에 어울리는 부호는?",괄호 ( ),물음표 ?,"쉼표 ,",쌍점 :,느낌표 !,5,기뻐서 소리칠 때는 느낌표(!)를 써요.,에스퍼,부호·띄어쓰기
국어,바르게 띄어 쓴 문장을 고르세요.,아 기가 방긋 웃어요,아기가방긋 웃어요,아기 가 방긋 웃어요,아기가 방긋 웃 어요,아기가 방긋 웃어요,5,"'아기가', '방긋', '웃어요'로 띄어 써요. '가'는 앞말에 붙여요.",페어리,부호·띄어쓰기
국어,'무엇을 먹고 싶니__' 빈칸에 어울리는 부호는 무엇일까요?,"쉼표 ,",마침표 .,물음표 ?,"따옴표 """,느낌표 !,3,무엇을 먹고 싶은지 물어보는 문장이니까 물음표(?)를 써요.,노말,부호·띄어쓰기
국어,"쉼표(,)를 바르게 쓴 문장은 무엇일까요?","사과 ,배 ,포도를 샀어요","사과 배 포도를, 샀어요","사과배포도를 샀어요,","사과, 배, 포도를 샀어요",",사과 배 포도를 샀어요",4,"여러 가지를 늘어놓을 때 낱말 바로 뒤에 쉼표(,)를 붙여 써요.",에스퍼,부호·띄어쓰기
국어,고양이가 의자 밑에서 새근새근 자요. 고양이는 어디에 있을까요?,의자 밑,침대 위,의자 위,책상 위,문 앞,1,고양이는 의자 밑에서 자고 있어요.,에스퍼,내용 확인
국어,하늘에 구름이 많아요. 곧 비가 올 것 같아요. 하늘에 무엇이 많을까요?,무지개,별,구름,해,새,3,하늘에 구름이 많다고 했어요.,노말,내용 확인
국어,준호는 학교에 갈 때 버스를 타요. 준호는 무엇을 타고 학교에 갈까요?,버스,기차,자전거,배,택시,1,준호는 버스를 타고 학교에 가요.,페어리,내용 확인
국어,할머니께서 맛있는 떡을 만들어 주셨어요. 떡을 만든 사람은 누구일까요?,아빠,할머니,누나,엄마,할아버지,2,떡을 만들어 주신 분은 할머니예요.,노말,내용 확인
국어,수진이는 사과를 두 개 먹었어요. 동생은 한 개 먹었어요. 누가 더 많이 먹었을까요?,아빠,수진이,엄마,동생,똑같아요,2,"수진이는 두 개, 동생은 한 개를 먹었어요. 두 개가 더 많으니 수진이예요.",에스퍼,생각·까닭
국어,길을 건널 때는 신호등을 봐요. 초록불이 켜지면 손을 들고 건너요. 글쓴이가 하고 싶은 말은 무엇일까요?,빨리 뛰어서 건너자,신호등을 보고 건너자,길에서 신나게 놀자,차를 타고 다니자,친구와 손을 잡자,2,길을 건널 때 신호등을 잘 보고 안전하게 건너자고 말하고 있어요.,페어리,생각·까닭
국어,민호는 우산을 안 가져갔어요. 그래서 비를 맞아 옷이 다 젖었어요. 민호의 옷이 젖은 까닭은 무엇일까요?,물놀이를 해서,땀을 많이 흘려서,세수를 해서,눈을 맞아서,비를 맞아서,5,"우산이 없어서 비를 맞았고, 그래서 옷이 젖었어요.",에스퍼,생각·까닭
국어,지우는 아침에 일어나 세수를 했어요. 그다음 밥을 먹고 학교에 갔어요. 지우가 밥을 먹은 다음에 한 일은 무엇일까요?,세수를 했어요,잠을 잤어요,책을 읽었어요,학교에 갔어요,놀이터에 갔어요,4,"세수를 하고, 밥을 먹고, 그다음에 학교에 갔어요. 일의 차례를 잘 살펴봐요.",에스퍼,생각·까닭
수학,2 + 6 은 얼마일까요?,10,4,9,8,7,4,2에서 6만큼 더 세면 8이에요.,전기,수·계산
수학,23 + 4 는 얼마일까요?,26,63,27,19,28,3,일의 자리 3 더하기 4는 7이고 십의 자리 2는 그대로라서 27이에요.,강철,수·계산
수학,책 30권과 공책 40권이 있어요. 모두 몇 권인지 구하는 식은 무엇일까요?,40 - 30,30 + 40,30 + 30,40 + 40,30 + 4,2,모두 몇 권인지 구할 때는 더하기예요. 30 + 40 = 70으로 구해요.,바위,수·계산
수학,9 + 5를 구해요. / (빈칸) / 5를 1과 4로 가르기 해요. / 10과 4를 더하면 14예요. 빈칸에 들어갈 문장은 무엇일까요?,9에 1을 더해 10을 만들어요.,9에 5를 더해 10을 만들어요.,9에서 1을 빼요.,5에 5를 더해 10을 만들어요.,9를 4와 5로 가르기 해요.,1,9는 1만 더하면 10이 돼요. 그래서 5에서 1을 떼어 주면 14예요.,전기,수·계산
수학,18 - 5 는 얼마일까요?,3,23,14,12,13,5,일의 자리 8에서 5를 빼면 3이고 십의 자리 1은 그대로라서 13이에요.,강철,수·계산
수학,7은 3과 몇으로 가르기 할 수 있을까요?,2,3,4,5,10,3,3과 4를 모으면 7이에요. 7은 3과 4로 가를 수 있어요.,바위,수·계산
수학,73에서 일의 자리 숫자는 무엇일까요?,30,7,70,73,3,5,73은 10묶음 7개와 낱개 3개예요. 일의 자리 숫자는 3이에요.,전기,수·계산
수학,"34, 43, 29, 37 중에서 가장 작은 수는 무엇일까요?",92,34,37,29,43,4,십의 자리를 먼저 비교해요. 2가 가장 작으니까 29가 가장 작아요.,강철,수·계산
수학,구슬 14개에 5개를 더 받았어요. 구슬이 모두 몇 개인지 구하는 식은 무엇일까요?,14 - 5,14 + 5,14 + 14,5 + 5,14 - 4,2,더 받아서 늘어났으니까 더하기예요. 14 + 5 = 19로 구해요.,바위,수·계산
수학,사탕 12개 중 2개를 먹었어요. 남은 사탕 수를 구해요. ㉠ 처음 사탕은 12개예요. ㉡ 먹은 사탕은 2개예요. ㉢ 남은 사탕은 12에서 2를 빼서 구해요. ㉣ 12 - 2 = 9예요. ㉤ 그래서 남은 사탕은 9개예요. 처음 틀린 곳은 어디일까요?,㉠,㉡,㉢,㉣,㉤,4,12에서 2를 빼면 9가 아니라 10이에요. 남은 사탕은 10개예요.,전기,수·계산
수학,"2, 4, 6, 8 다음에 오는 수는 무엇일까요?",10,12,9,11,7,1,2씩 커지는 규칙이에요. 8 다음은 10이에요.,강철,규칙
수학,○○●○○●○○ 다음에 올 모양은 무엇일까요?,○,●,▲,○○,●●,2,"○ 둘, ● 하나가 되풀이돼요. ○○ 다음은 ●예요.",바위,규칙
수학,"10, 9, 8, 7 다음에 오는 수는 무엇일까요?",5,6,10,9,4,2,1씩 작아지는 규칙이에요. 7 다음은 6이에요.,전기,규칙
수학,●▲●▲●▲ 다음에는 ●가 와요. 그 까닭으로 알맞은 것은 무엇일까요?,●만 계속 나와요.,▲만 계속 나와요.,●와 ▲가 번갈아 나와요.,●가 2개씩 나와요.,규칙이 없어요.,3,●와 ▲가 번갈아 나오는 규칙이에요. ▲ 다음은 ●예요.,강철,규칙
수학,네모 모양은 뾰족한 곳(꼭짓점)이 몇 개일까요?,2,3,4,0,5,3,"네모는 뾰족한 곳이 4개, 곧은 선도 4개예요.",바위,모양·측정
수학,주사위와 같은 모양은 무엇일까요?,상자 모양,둥근기둥 모양,공 모양,세모,동그라미,1,주사위는 평평한 면이 6개 있는 상자 모양이에요.,전기,모양·측정
수학,"짧은 바늘이 9, 긴 바늘이 12를 가리키면 몇 시일까요?",9시,3시,9시 30분,6시,12시,1,긴 바늘이 12를 가리키면 정각이에요. 짧은 바늘이 9니까 9시예요.,강철,모양·측정
수학,줄넘기 줄과 볼펜 중에서 더 긴 것은 무엇일까요?,똑같아요,둘 다 짧아요,볼펜,줄넘기 줄,알 수 없어요,4,줄넘기 줄은 아주 길고 볼펜은 짧아요. 줄넘기 줄이 더 길어요.,바위,모양·측정
수학,수박과 딸기 중에서 더 무거운 것은 무엇일까요?,알 수 없어요,똑같아요,둘 다 가벼워요,수박,딸기,4,수박은 크고 무겁고 딸기는 작고 가벼워요. 수박이 더 무거워요.,전기,모양·측정
수학,연필과 크레파스의 길이를 비교해요. ㉠ 연필은 클립 6개 길이예요. ㉡ 크레파스는 클립 4개 길이예요. ㉢ 클립 수가 많을수록 더 길어요. ㉣ 6은 4보다 커요. ㉤ 그래서 크레파스가 더 길어요. 처음 틀린 곳은 어디일까요?,㉠,㉡,㉢,㉣,㉤,5,클립 6개인 연필이 더 길어요. 마지막 문장이 거꾸로 되어 있어요.,강철,모양·측정
수학,"딸기, 바나나, 토끼, 참새, 포도 중에서 동물은 몇 마리일까요?",1,2,3,4,5,2,"동물은 토끼, 참새예요. 딸기, 바나나, 포도는 과일이에요. 동물은 2마리예요.",바위,분류·자료
수학,"빨간 색연필 4자루, 파란 색연필 5자루, 노란 색연필 2자루가 있어요. 가장 적은 색은 무엇일까요?",빨간색,파란색,노란색,모두 같아요,알 수 없어요,3,"4, 5, 2 중에서 2가 가장 작아요. 노란 색연필이 가장 적어요.",전기,분류·자료
수학,"좋아하는 과일을 물었더니 사과 3명, 포도 5명, 귤 4명이었어요. 가장 많은 친구가 좋아하는 과일은 무엇일까요?",사과,귤,모두 같아요,알 수 없어요,포도,5,"3, 5, 4 중에서 5가 가장 커요. 포도를 좋아하는 친구가 가장 많아요.",강철,분류·자료
수학,"모양으로 나눠요. / 단추, 동전, 색종이, 편지 봉투, 접시가 있어요. / 동그라미 모양과 네모 모양으로 나눠요. / (빈칸) / 네모 모양은 색종이, 편지 봉투 2개예요. 빈칸에 들어갈 문장은 무엇일까요?","동그라미 모양은 단추, 동전, 접시 3개예요.",동그라미 모양은 단추 1개예요.,"동그라미 모양은 색종이, 접시 2개예요.",동그라미 모양은 5개예요.,"동그라미 모양은 동전, 편지 봉투 2개예요.",1,"둥근 것은 단추, 동전, 접시예요. 동그라미 모양은 3개예요.",바위,분류·자료
영어,대문자 D의 짝인 소문자는 무엇일까요?,b,p,q,a,d,5,D(디)의 소문자는 d예요. 배가 왼쪽에 있어요.,물,알파벳
영어,B 다음에 오는 알파벳은 무엇일까요?,C,D,E,A,F,1,B(비) 다음은 C(씨)예요.,얼음,알파벳
영어,알파벳을 순서대로 바르게 적은 것은 무엇일까요?,A B C,A C B,B A C,C B A,B C A,1,"알파벳 순서는 A, B, C예요.",비행,알파벳
영어,대문자 G의 짝인 소문자는 무엇일까요?,q,p,j,g,y,4,G(지)의 소문자는 g예요.,물,알파벳
영어,bed의 첫 글자는 무엇일까요?,d,b,p,q,g,2,bed는 b로 시작해요. b는 배가 오른쪽에 있어요.,얼음,알파벳
영어,sun과 같은 소리로 시작하는 낱말은 무엇일까요?,bus,cat,sock,pen,dog,3,sun과 sock은 첫소리가 같아요. bus는 s가 끝에 있어요.,비행,파닉스
영어,ch 소리로 시작하는 낱말은 무엇일까요?,ship,chip,thin,lunch,sun,2,chip은 ch 소리로 시작해요. lunch는 ch가 끝에 있어요.,물,파닉스
영어,bed의 가운데 소리와 같은 낱말은 무엇일까요?,cat,pig,dog,pen,cup,4,bed와 pen은 가운데 소리가 같아요. 둘 다 e가 들어 있어요.,얼음,파닉스
영어,map과 같은 소리로 시작하는 낱말은 무엇일까요?,pig,ham,net,bat,mom,5,map과 mom은 첫소리가 같아요. ham은 m이 끝에 있어요.,비행,파닉스
영어,hot의 가운데 소리와 같은 낱말은 무엇일까요?,cat,bed,dog,pig,sun,3,hot과 dog는 가운데 소리가 같아요. 둘 다 o가 들어 있어요.,물,파닉스
영어,___ like milk. (나는 우유를 좋아해요.) 빈칸에 알맞은 말은 무엇일까요?,I,A,My,It,And,1,"""나는""은 I예요. I like milk.라고 써요.",얼음,사이트워드
영어,I have ___ dog. 빈칸에 알맞은 말은 무엇일까요?,is,a,am,see,and,2,"I have a dog.는 ""나는 개가 한 마리 있어요.""예요. dog 앞에 a를 써요.",비행,사이트워드
영어,The cat is ___ the box. (고양이가 상자 안에 있어요.) 빈칸에 알맞은 말은 무엇일까요?,is,it,in,and,my,3,"""안에""는 in이에요. in the box는 ""상자 안에""예요.",물,사이트워드
영어,You ___ I are friends. (너와 나는 친구예요.) 빈칸에 알맞은 말은 무엇일까요?,a,is,see,and,can,4,"""~와"", ""그리고""는 and예요. You and I는 ""너와 나""예요.",얼음,사이트워드
영어,bird는 무슨 뜻일까요?,개,고양이,물고기,곰,새,5,bird(버드)는 하늘을 나는 새예요.,비행,기본 단어
영어,물고기를 영어로 뭐라고 할까요?,fish,bird,dog,cat,pig,1,물고기는 fish(피시)예요.,물,기본 단어
영어,yellow는 무슨 색일까요?,빨간색,노란색,파란색,초록색,하얀색,2,yellow(옐로)는 바나나처럼 노란색이에요.,얼음,기본 단어
영어,banana는 무엇일까요?,사과,포도,딸기,수박,바나나,5,banana(버내너)는 노란 바나나예요.,비행,기본 단어
영어,엄마를 영어로 뭐라고 할까요?,dad,baby,mom,sister,brother,3,엄마는 mom(맘)이에요.,물,기본 단어
영어,six는 몇일까요?,5,7,8,6,9,4,six(식스)는 숫자 6이에요.,얼음,기본 단어
영어,순서가 바르게 된 문장을 고르세요.,like I apples.,I like apples.,apples like I.,I apples like.,like apples I.,2,"""나는 사과를 좋아해요.""는 I like apples.라고 써요.",비행,문장 만들기
영어,잘 때 하는 인사로 알맞은 문장은 무엇일까요?,Good morning.,Thank you.,Sorry.,Hello.,Good night.,5,잠자기 전에는 Good night.이라고 인사해요.,물,문장 만들기
영어,끝에 물음표(?)를 붙여야 하는 문장은 무엇일까요?,I am fine,I like cats,It is a dog,How are you,I see a bird,4,How are you?는 물어보는 문장이라서 끝에 물음표(?)를 써요.,얼음,문장 만들기
영어,Thank you.라고 들으면 대답으로 알맞은 문장은 무엇일까요?,Good night.,Sorry.,You're welcome.,Goodbye.,Good morning.,3,고맙다는 말에는 You're welcome.(천만에요.)이라고 대답해요.,비행,문장 만들기
한자,'두 이'를 한자로 쓰면?,一,三,十,二,人,4,二는 두 이예요. 줄이 두 개라서 둘을 뜻해요.,격투,숫자
한자,九의 뜻과 소리는?,일곱 칠,열 십,여덟 팔,여섯 륙,아홉 구,5,九는 아홉 구예요. 숫자 9를 뜻해요.,불꽃,숫자
한자,四는 어떻게 읽을까요?,사,오,육,삼,서,1,四는 넉 사예요. 숫자 4를 뜻해요.,불꽃,숫자
한자,三十은 어떻게 읽을까요?,십삼,이십,삼십,삼백,오십,3,"三은 석 삼, 十은 열 십이에요. 三十은 삼십이라고 읽어요.",드래곤,숫자
한자,'불 화'를 한자로 쓰면?,水,木,火,土,大,3,火는 불 화예요. 불꽃이 타오르는 모양이에요.,격투,요일·자연
한자,月의 뜻과 소리는?,달 월,날 일,흰 백,흙 토,문 문,1,月은 달 월이에요. 초승달 모양을 본뜬 글자예요.,격투,요일·자연
한자,土는 어떻게 읽을까요?,왕,목,산,토,금,4,土는 흙 토예요. 땅 위에 흙이 쌓인 모양이에요.,불꽃,요일·자연
한자,山水는 무슨 뜻일까요?,불과 물,해와 달,흙과 나무,산과 물,산과 나무,4,"山은 메 산, 水는 물 수예요. 山水는 산과 물이에요.",드래곤,요일·자연
한자,西의 뜻과 소리는?,서녘 서,동녘 동,남녘 남,북녘 북,바깥 외,1,西는 서녘 서예요. 해가 지는 서쪽을 뜻해요.,드래곤,방향·위치
한자,'북녘 북'을 한자로 쓰면?,南,北,東,西,中,2,北은 북녘 북이에요. 추운 북쪽을 뜻해요.,불꽃,방향·위치
한자,外는 어떻게 읽을까요?,중,서,문,남,외,5,外는 바깥 외예요. 밖을 뜻해요.,격투,방향·위치
한자,南北은 어떻게 읽을까요?,동서,남동,남북,북남,서남,3,"南은 남녘 남, 北은 북녘 북이에요. 南北은 남북이라고 읽어요.",격투,방향·위치
한자,'아우 제'를 한자로 쓰면?,兄,父,生,弟,民,4,弟는 아우 제예요. 동생을 뜻해요.,격투,사람·가족
한자,女의 뜻과 소리는?,어미 모,계집 녀,사람 인,백성 민,아비 부,2,女는 계집 녀예요. 여자를 뜻해요.,격투,사람·가족
한자,兄은 어떻게 읽을까요?,제,부,모,촌,형,5,兄은 형 형이에요. 형이나 오빠를 뜻해요.,불꽃,사람·가족
한자,父母는 무슨 뜻일까요?,아버지와 어머니,형과 아우,임금과 백성,선생님과 학생,할아버지와 할머니,1,"父는 아비 부, 母는 어미 모예요. 父母는 아버지와 어머니예요.",불꽃,사람·가족
한자,'나라 국'을 한자로 쓰면?,國,民,韓,軍,王,1,國은 나라 국이에요. 울타리 안에 나라가 있는 모양이에요.,드래곤,학교·나라
한자,門의 뜻과 소리는?,집 실,학교 교,달 월,바깥 외,문 문,5,門은 문 문이에요. 양쪽으로 여닫는 문 모양이에요.,격투,학교·나라
한자,軍은 어떻게 읽을까요?,국,왕,군,민,한,3,軍은 군사 군이에요. 나라를 지키는 군대를 뜻해요.,드래곤,학교·나라
한자,學校는 무슨 뜻일까요?,밥을 먹는 곳,잠을 자는 곳,공부하러 가는 곳,임금이 사는 곳,물건을 파는 곳,3,"學은 배울 학, 校는 학교 교예요. 學校는 공부하러 가는 곳이에요.",드래곤,학교·나라
한자,'푸를 청'을 한자로 쓰면?,白,靑,生,月,長,2,靑은 푸를 청이에요. 파란색이나 초록색을 뜻해요.,드래곤,색·크기·기타
한자,長의 뜻과 소리는?,큰 대,긴 장,작을 소,해 년,날 생,2,長은 긴 장이에요. 길다는 뜻이에요.,불꽃,색·크기·기타
한자,年은 어떻게 읽을까요?,생,장,백,년,청,4,"年은 해 년이에요. 한 해, 일 년을 뜻해요.",불꽃,색·크기·기타
한자,生日은 무슨 뜻일까요?,쉬는 날,태어난 날,학교 가는 날,비 오는 날,놀러 가는 날,2,"生은 날 생, 日은 날 일이에요. 生日은 태어난 날이에요.",드래곤,색·크기·기타
역사,청동기 시대에 큰 돌을 세우고 얹어 만든 무덤은?,첨성대,성벽,고인돌,움집,탑,3,고인돌은 청동기 시대에 큰 돌로 만든 무덤이에요.,악,선사·고조선
역사,구석기 시대 사람들이 먹을 것을 얻은 방법은?,냉장고에서 꺼내기,식당에서 먹기,배달 시키기,마트에서 사기,사냥과 열매 따기,5,구석기 시대에는 짐승을 사냥하고 열매를 따서 먹었어요.,독,선사·고조선
역사,옛날 사람들이 불을 쓰면서 할 수 있게 된 일은?,자동차 타기,고기 익혀 먹기,텔레비전 보기,전화하기,얼음 만들기,2,불이 있어서 고기를 익혀 먹고 추위도 피할 수 있었어요.,독,선사·고조선
역사,고조선에 있었던 여덟 가지 법을 무엇이라고 하나요?,8조법,헌법,교통 규칙,학교 규칙,놀이 규칙,1,고조선에는 8조법이라는 여덟 가지 법이 있어서 나쁜 일을 하면 벌을 받았어요.,고스트,선사·고조선
역사,뗀석기를 만들어 쓰던 시대는 언제인가요?,삼국 시대,신석기 시대,청동기 시대,구석기 시대,조선 시대,4,돌을 깨뜨려 만든 뗀석기는 구석기 시대의 도구예요.,독,선사·고조선
역사,빗살무늬 토기를 만들어 쓰던 시대는 언제인가요?,신석기 시대,고려 시대,청동기 시대,조선 시대,구석기 시대,1,빗살무늬 토기는 신석기 시대 사람들이 만든 그릇이에요.,고스트,선사·고조선
역사,구석기 시대 사람들이 추위와 사나운 짐승을 피해 살던 곳은?,초가집,아파트,궁궐,동굴,기와집,4,구석기 시대 사람들은 동굴이나 바위 그늘에서 살았어요.,악,선사·고조선
역사,단군 이야기에서 하늘에서 내려와 단군의 아버지가 된 분은?,주몽,환웅,온조,박혁거세,왕건,2,하늘에서 내려온 환웅과 사람이 된 곰 사이에서 단군이 태어났어요.,고스트,선사·고조선
역사,"고구려, 백제, 신라 중 가장 북쪽에 있던 나라는?",백제,가야,고구려,신라,조선,3,고구려는 삼국 중 가장 북쪽에 있던 큰 나라예요.,독,삼국·남북국
역사,고구려가 무너진 뒤 대조영이 북쪽 땅에 세운 나라는?,발해,고려,조선,가야,백제,1,대조영은 고구려 사람들을 모아 북쪽에 발해를 세웠어요.,악,삼국·남북국
역사,"고구려, 백제, 신라 중 동남쪽에 있던 나라는?",조선,고구려,신라,백제,고조선,3,신라는 우리나라 동남쪽에 있었어요.,악,삼국·남북국
역사,신라 사람들이 하늘의 별을 살피려고 만든 돌탑은?,고인돌,첨성대,에펠탑,거북선,남대문,2,첨성대는 신라 사람들이 별을 살피려고 만든 돌탑이에요.,악,삼국·남북국
역사,고려 사람들이 부처님의 힘으로 나라를 지키려고 나무판에 새긴 것은?,훈민정음,팔만대장경,거북선,첨성대,고인돌,2,고려 사람들은 나라를 지키려는 마음으로 나무판 팔만 장에 글자를 새겼어요.,고스트,고려
역사,"고려에서 금속활자로 찍은 책으로, 남아 있는 것 중 세계에서 가장 오래된 것은?",훈민정음,동의보감,그림책,직지,신문,4,직지는 금속활자로 찍은 책 중 지금 남아 있는 가장 오래된 책이에요.,독,고려
역사,한글날은 몇 월 며칠인가요?,8월 15일,12월 25일,5월 5일,3월 1일,10월 9일,5,"한글날은 세종대왕이 한글을 만든 것을 기념하는 날로, 10월 9일이에요.",고스트,조선
역사,"임진왜란 때 이순신 장군이 만든, 등에 뾰족한 쇠못이 박힌 배는?",뗏목,잠수함,거북선,유람선,항공모함,3,거북선은 등에 쇠못을 박아 적이 올라오지 못하게 만든 배예요.,독,조선
역사,이성계가 세운 나라는?,조선,고려,신라,고구려,발해,1,이성계는 고려의 뒤를 이어 조선을 세웠어요.,고스트,조선
역사,우리나라가 남과 북으로 나뉜 뒤 서로 싸운 전쟁은?,임진왜란,6·25 전쟁,병자호란,살수 대첩,세계 대전,2,6·25 전쟁은 남한과 북한이 싸운 슬픈 전쟁이에요.,악,근현대
역사,3·1 운동 때 사람들이 태극기를 흔들며 외친 말은?,안녕하세요,생일 축하합니다,잘 먹겠습니다,대한 독립 만세,새해 복 많이 받으세요,4,"3·1 운동 때 사람들은 ""대한 독립 만세""를 외쳤어요.",고스트,근현대
역사,추석에 먹는 반달 모양의 떡은?,가래떡,인절미,송편,떡국,케이크,3,추석에는 솔잎을 깔고 찐 반달 모양 송편을 먹어요.,독,문화·풍속
역사,콩이나 곡식을 넣고 위아래 돌을 돌려 가는 도구는?,가마솥,지게,절구,맷돌,등잔,4,맷돌은 둥근 돌 두 개를 겹쳐 돌려서 곡식을 갈아요.,악,문화·풍속
역사,단오에 즐기던 대표적인 놀이는?,썰매 타기,눈사람 만들기,스케이트,눈싸움,그네뛰기,5,단오에는 그네를 뛰고 부채를 선물했어요.,악,문화·풍속
역사,정월 대보름에 다섯 가지 곡식을 섞어 지은 밥은?,오곡밥,볶음밥,송편,김밥,떡국,1,정월 대보름에는 다섯 가지 곡식으로 지은 오곡밥을 먹어요.,독,문화·풍속
역사,옛날 아이들이 글을 배우러 다니던 곳은?,병원,도서관,유치원,학원,서당,5,옛날 아이들은 서당에 가서 글을 배웠어요.,고스트,문화·풍속
상식,말의 새끼를 부르는 이름은 무엇인가요?,올챙이,망아지,강아지,병아리,송아지,2,말의 새끼는 망아지예요. 소의 새끼는 송아지예요.,벌레,동식물
상식,애벌레가 자라면 무엇이 되나요?,개구리,참새,거미,나비,물고기,4,애벌레는 번데기가 되었다가 예쁜 나비가 돼요.,풀,동식물
상식,곤충의 다리는 모두 몇 개인가요?,10개,4개,2개,8개,6개,5,곤충은 다리가 여섯 개예요. 개미와 나비를 보면 알 수 있어요.,벌레,동식물
상식,봄에 산에서 피는 분홍색 꽃은 무엇인가요?,코스모스,해바라기,국화,진달래,단풍,4,진달래는 봄에 산에서 분홍색 꽃을 피워요.,땅,동식물
상식,햇빛을 받아 영양분을 만드는 식물의 부분은?,열매,잎,가지,뿌리,씨앗,2,잎은 햇빛을 받아 식물이 자라는 데 필요한 영양분을 만들어요.,땅,동식물
상식,다음 중 채소는 무엇인가요?,당근,바나나,귤,사과,포도,1,당근은 뿌리를 먹는 채소예요. 나머지는 과일이에요.,땅,동식물
상식,가장 덥고 장마가 오는 계절은 언제인가요?,겨울,여름,가을,봄,밤,2,"여름은 가장 덥고, 비가 많이 오는 장마가 있어요.",벌레,날씨·계절
상식,겨울에 하늘에서 하얗게 내리는 차가운 것은?,눈,안개,비,바람,천둥,1,겨울에 아주 추우면 비 대신 하얀 눈이 내려요.,벌레,날씨·계절
상식,더운 여름에 입기 좋은 옷은 무엇인가요?,두꺼운 패딩,털장갑,반팔 티셔츠,목도리,털모자,3,여름은 더워서 시원한 반팔 티셔츠를 입어요. 패딩과 목도리는 겨울에 써요.,풀,날씨·계절
상식,물을 냉동실에 넣어 얼리면 무엇이 되나요?,얼음,비,눈,구름,수증기,1,물은 아주 차가워지면 딱딱한 얼음이 돼요.,땅,날씨·계절
상식,소리를 듣는 몸의 부분은 어디인가요?,혀,귀,피부,눈,코,2,귀로 소리를 들어요. 두 귀로 어느 쪽에서 소리가 나는지도 알 수 있어요.,풀,몸·안전
상식,자전거를 탈 때 머리를 지키려고 쓰는 것은?,목도리,모자,마스크,장갑,헬멧,5,자전거를 탈 때는 넘어져도 머리를 다치지 않게 헬멧을 써요.,벌레,몸·안전
상식,밥을 먹기 전에 꼭 해야 하는 것은 무엇인가요?,텔레비전 보기,낮잠 자기,신발 신기,뛰어놀기,손 씻기,5,손에 묻은 세균이 입으로 들어가지 않게 밥 먹기 전에 손을 씻어요.,땅,몸·안전
상식,모르는 사람이 따라오라고 하면 어떻게 하나요?,차에 타요,선물을 받아요,싫다고 하고 어른께 알려요,집 주소를 알려 줘요,따라가요,3,모르는 사람을 따라가면 안 돼요. 싫다고 크게 말하고 부모님이나 선생님께 알려요.,풀,몸·안전
상식,아픈 사람을 치료해 주는 곳은 어디인가요?,도서관,우체국,소방서,병원,시장,4,아프거나 다치면 병원에 가서 의사 선생님께 치료를 받아요.,벌레,동네·규칙
상식,책을 빌려 볼 수 있는 곳은 어디인가요?,소방서,경찰서,우체국,병원,도서관,5,도서관에서는 책을 읽고 빌릴 수 있어요. 조용히 해야 해요.,땅,동네·규칙
상식,엄마의 여자 형제를 부르는 말은 무엇인가요?,고모,형,삼촌,이모,할아버지,4,"엄마의 여자 형제는 이모, 아빠의 여자 형제는 고모예요.",땅,동네·규칙
상식,다 읽은 신문과 상자는 어디에 버리나요?,유리병류,플라스틱류,종이류,캔류,음식물 쓰레기,3,신문과 상자는 종이류로 모아서 버려요. 그래야 다시 쓸 수 있어요.,풀,동네·규칙
상식,동그란 테에 작은 쇠 방울이 달려 흔들어 소리 내는 악기는?,탬버린,캐스터네츠,트라이앵글,단소,가야금,1,탬버린은 흔들거나 손으로 쳐서 찰랑찰랑 소리를 내요.,벌레,음악
상식,다음 중 우리나라에서 옛날부터 쓰던 국악기는 무엇인가요?,피아노,바이올린,장구,기타,트라이앵글,3,장구는 허리가 잘록한 우리나라 국악기예요. 양쪽을 쳐서 소리 내요.,풀,음악
상식,노래를 부를 때 '빠르게'의 반대말은 무엇인가요?,느리게,세게,여리게,높게,크게,1,빠르게의 반대말은 느리게예요. 천천히 부르는 거예요.,풀,음악
상식,파랑과 노랑 물감을 섞으면 무슨 색이 되나요?,주황,보라,초록,분홍,검정,3,파랑과 노랑을 섞으면 나뭇잎 같은 초록색이 돼요.,땅,미술
상식,물감을 짜서 섞을 때 쓰는 판은 무엇인가요?,붓,팔레트,가위,풀,자,2,팔레트 위에 물감을 짜고 섞어서 붓에 묻혀요.,벌레,미술
상식,'모나리자' 그림을 그린 화가는 누구인가요?,고흐,피카소,김홍도,몬드리안,다빈치,5,살짝 웃는 여인 그림 모나리자는 다빈치가 그렸어요.,풀,미술
