은행,과목,문제,보기1,보기2,보기3,보기4,보기5,정답,해설,속성,영역
1,수학,3 + 4 는 얼마일까요?,7,8,5,9,6,1,"3에서 4만큼 더 세면 4, 5, 6, 7이 되니까 7이에요.",바위,덧셈
1,수학,12 + 5 는 얼마일까요?,7,18,17,15,16,3,일의 자리끼리 2 더하기 5는 7이고 십의 자리 1은 그대로라서 17이에요.,바위,덧셈
1,수학,사과 6개와 배 3개가 있어요. 과일은 모두 몇 개일까요?,3,8,10,9,7,4,6 더하기 3을 하면 9예요. 과일은 모두 9개예요.,전기,덧셈
1,수학,20 + 30 은 얼마일까요?,23,5,60,40,50,5,10묶음 2개와 3개를 더하면 10묶음 5개라서 50이에요.,전기,덧셈
1,수학,8 + 7 은 얼마일까요?,15,17,14,13,16,1,8에 2를 더해 10을 만들고 남은 5를 더하면 15예요.,바위,덧셈
1,수학,9 - 4 는 얼마일까요?,13,6,5,3,4,3,9에서 4를 빼면 5가 남아요.,강철,뺄셈
1,수학,15 - 3 은 얼마일까요?,13,11,2,12,18,4,일의 자리 5에서 3을 빼면 2이고 십의 자리 1은 그대로라서 12예요.,바위,뺄셈
1,수학,풍선 10개 중 3개가 날아갔어요. 남은 풍선은 몇 개일까요?,7,8,3,13,6,1,10에서 3을 빼면 7이에요. 풍선은 7개 남았어요.,바위,뺄셈
1,수학,47 - 5 는 얼마일까요?,52,45,43,41,42,5,일의 자리 7에서 5를 빼면 2이고 십의 자리 4는 그대로라서 42예요.,강철,뺄셈
1,수학,60 - 20 은 얼마일까요?,4,50,40,80,30,3,10묶음 6개에서 2개를 빼면 10묶음 4개라서 40이에요.,강철,뺄셈
1,수학,10개씩 3묶음과 낱개 4개는 모두 몇 개일까요?,30,14,34,7,43,3,10개씩 3묶음은 30이고 낱개 4개를 더하면 34예요.,전기,수 세기·자릿수
1,수학,28에서 십의 자리 숫자는 무엇일까요?,2,28,8,10,20,1,28은 10묶음 2개와 낱개 8개예요. 십의 자리 숫자는 2예요.,강철,수 세기·자릿수
1,수학,"5, 10, 15, 20 다음에 오는 수는 무엇일까요?",26,21,24,25,30,4,5씩 커지는 수예요. 20 다음은 25예요.,전기,수 세기·자릿수
1,수학,39보다 1 큰 수는 무엇일까요?,40,38,41,49,30,1,39 다음 수는 40이에요. 39보다 1 큰 수는 40이에요.,전기,수 세기·자릿수
1,수학,"62, 58, 71, 49 중에서 가장 큰 수는 무엇일까요?",58,71,17,49,62,2,십의 자리를 먼저 비교해요. 7이 가장 크니까 71이 가장 커요.,바위,수 세기·자릿수
1,수학,세모 모양은 뾰족한 곳(꼭짓점)이 몇 개일까요?,0,5,4,2,3,5,"세모는 뾰족한 곳이 3개, 곧은 선도 3개예요.",전기,모양(도형)
1,수학,뾰족한 곳이 하나도 없이 둥근 모양은 무엇일까요?,네모,동그라미,다이아몬드 모양,세모,별 모양,2,동그라미는 뾰족한 곳이 없어서 잘 굴러가요.,강철,모양(도형)
1,수학,네모 모양은 곧은 선(변)이 몇 개일까요?,2,5,6,3,4,5,"네모는 곧은 선이 4개, 뾰족한 곳도 4개예요.",강철,모양(도형)
1,수학,책 표지와 같은 모양은 무엇일까요?,하트 모양,세모,동그라미,네모,별 모양,4,책 표지는 곧은 선 4개로 된 네모 모양이에요.,바위,모양(도형)
1,수학,"짧은 바늘이 3, 긴 바늘이 12를 가리키면 몇 시일까요?",3시 30분,3시,6시,9시,12시,2,긴 바늘이 12를 가리키면 정각이에요. 짧은 바늘이 3이니까 3시예요.,강철,시계·길이·비교
1,수학,"짧은 바늘이 7과 8 사이, 긴 바늘이 6을 가리키면 몇 시 몇 분일까요?",6시,7시 30분,8시 30분,7시,6시 30분,2,긴 바늘이 6이면 30분이에요. 짧은 바늘이 7을 지났으니 7시 30분이에요.,전기,시계·길이·비교
1,수학,"연필은 클립 5개 길이, 지우개는 클립 3개 길이예요. 더 긴 것은 무엇일까요?",지우개,똑같아요,클립,연필,알 수 없어요,4,클립 5개가 3개보다 많으니까 연필이 더 길어요.,전기,시계·길이·비교
1,수학,"코끼리, 강아지, 개미 중에서 가장 무거운 동물은 무엇일까요?",알 수 없어요,모두 같아요,코끼리,개미,강아지,3,코끼리는 아주 커서 셋 중에 가장 무거워요.,바위,시계·길이·비교
1,수학,큰 양동이와 작은 컵 중에서 물이 더 많이 들어가는 것은 무엇일까요?,알 수 없어요,큰 양동이,똑같아요,둘 다 안 들어가요,작은 컵,2,그릇이 클수록 물이 많이 들어가요. 큰 양동이에 더 많이 들어가요.,강철,시계·길이·비교
2,수학,2 + 6 은 얼마일까요?,10,4,9,8,7,4,2에서 6만큼 더 세면 8이에요.,강철,덧셈
2,수학,23 + 4 는 얼마일까요?,26,63,27,19,28,3,일의 자리 3 더하기 4는 7이고 십의 자리 2는 그대로라서 27이에요.,전기,덧셈
2,수학,구슬 14개에 5개를 더 받았어요. 구슬은 모두 몇 개일까요?,15,20,18,9,19,5,14 더하기 5는 19예요. 구슬은 모두 19개예요.,강철,덧셈
2,수학,30 + 40 은 얼마일까요?,10,70,60,7,80,2,10묶음 3개와 4개를 더하면 10묶음 7개라서 70이에요.,바위,덧셈
2,수학,9 + 5 는 얼마일까요?,14,4,13,16,15,1,9에 1을 더해 10을 만들고 남은 4를 더하면 14예요.,전기,덧셈
2,수학,21 + 35 는 얼마일까요?,56,46,57,55,65,1,"일의 자리 1 더하기 5는 6, 십의 자리 2 더하기 3은 5라서 56이에요.",바위,덧셈
2,수학,8 - 6 은 얼마일까요?,2,3,4,1,14,1,8에서 6을 빼면 2가 남아요.,바위,뺄셈
2,수학,18 - 5 는 얼마일까요?,3,23,14,12,13,5,일의 자리 8에서 5를 빼면 3이고 십의 자리 1은 그대로라서 13이에요.,강철,뺄셈
2,수학,사탕 12개 중 2개를 먹었어요. 남은 사탕은 몇 개일까요?,9,10,14,11,2,2,12에서 2를 빼면 10이에요. 사탕은 10개 남았어요.,전기,뺄셈
2,수학,56 - 4 는 얼마일까요?,16,60,51,53,52,5,일의 자리 6에서 4를 빼면 2이고 십의 자리 5는 그대로라서 52예요.,바위,뺄셈
2,수학,90 - 30 은 얼마일까요?,120,70,60,50,6,3,10묶음 9개에서 3개를 빼면 10묶음 6개라서 60이에요.,강철,뺄셈
2,수학,10개씩 5묶음과 낱개 2개는 모두 몇 개일까요?,7,25,52,50,12,3,10개씩 5묶음은 50이고 낱개 2개를 더하면 52예요.,강철,수 세기·자릿수
2,수학,73에서 일의 자리 숫자는 무엇일까요?,30,7,70,73,3,5,73은 10묶음 7개와 낱개 3개예요. 일의 자리 숫자는 3이에요.,전기,수 세기·자릿수
2,수학,"2, 4, 6, 8 다음에 오는 수는 무엇일까요?",10,12,9,11,7,1,2씩 커지는 수예요. 8 다음은 10이에요.,바위,수 세기·자릿수
2,수학,50보다 1 작은 수는 무엇일까요?,59,49,48,40,51,2,50 바로 앞의 수는 49예요. 50보다 1 작은 수는 49예요.,전기,수 세기·자릿수
2,수학,"34, 43, 29, 37 중에서 가장 작은 수는 무엇일까요?",92,34,37,29,43,4,십의 자리를 먼저 비교해요. 2가 가장 작으니까 29가 가장 작아요.,전기,수 세기·자릿수
2,수학,네모 모양은 뾰족한 곳(꼭짓점)이 몇 개일까요?,2,3,4,0,5,3,"네모는 뾰족한 곳이 4개, 곧은 선도 4개예요.",강철,모양(도형)
2,수학,지붕처럼 뾰족한 곳이 3개인 모양은 무엇일까요?,동그라미,세모,네모,별 모양,하트 모양,2,뾰족한 곳이 3개인 모양은 세모예요.,바위,모양(도형)
2,수학,공을 위에서 내려다보면 무슨 모양일까요?,별 모양,네모,동그라미,하트 모양,세모,3,공은 어느 쪽에서 봐도 둥근 동그라미 모양이에요.,전기,모양(도형)
2,수학,세모 모양은 곧은 선(변)이 몇 개일까요?,0,3,4,2,5,2,"세모는 곧은 선이 3개, 뾰족한 곳도 3개예요.",강철,모양(도형)
2,수학,"짧은 바늘이 9, 긴 바늘이 12를 가리키면 몇 시일까요?",9시,3시,9시 30분,6시,12시,1,긴 바늘이 12를 가리키면 정각이에요. 짧은 바늘이 9니까 9시예요.,바위,시계·길이·비교
2,수학,"짧은 바늘이 2와 3 사이, 긴 바늘이 6을 가리키면 몇 시 몇 분일까요?",6시,2시,3시 30분,3시,2시 30분,5,긴 바늘이 6이면 30분이에요. 짧은 바늘이 2를 지났으니 2시 30분이에요.,강철,시계·길이·비교
2,수학,줄넘기 줄과 볼펜 중에서 더 긴 것은 무엇일까요?,똑같아요,둘 다 짧아요,볼펜,줄넘기 줄,알 수 없어요,4,줄넘기 줄은 아주 길고 볼펜은 짧아요. 줄넘기 줄이 더 길어요.,바위,시계·길이·비교
2,수학,수박과 딸기 중에서 더 무거운 것은 무엇일까요?,알 수 없어요,똑같아요,둘 다 가벼워요,수박,딸기,4,수박은 크고 무겁고 딸기는 작고 가벼워요. 수박이 더 무거워요.,전기,시계·길이·비교
3,수학,4 + 4 는 얼마일까요?,0,7,8,44,9,3,4에서 4만큼 더 세면 8이에요.,강철,덧셈
3,수학,31 + 6 은 얼마일까요?,36,91,25,38,37,5,일의 자리 1 더하기 6은 7이고 십의 자리 3은 그대로라서 37이에요.,전기,덧셈
3,수학,연필 11자루와 색연필 7자루가 있어요. 모두 몇 자루일까요?,17,19,18,4,81,3,11 더하기 7은 18이에요. 모두 18자루예요.,강철,덧셈
3,수학,60 + 20 은 얼마일까요?,8,70,90,80,40,4,10묶음 6개와 2개를 더하면 10묶음 8개라서 80이에요.,바위,덧셈
3,수학,6 + 7 은 얼마일까요?,12,1,15,14,13,5,6에 4를 더해 10을 만들고 남은 3을 더하면 13이에요.,강철,덧셈
3,수학,14 - 3 은 얼마일까요?,11,12,10,17,1,1,일의 자리 4에서 3을 빼면 1이고 십의 자리 1은 그대로라서 11이에요.,강철,뺄셈
3,수학,딸기 11개 중 5개를 먹었어요. 남은 딸기는 몇 개일까요?,16,7,6,5,4,3,11에서 5를 빼면 6이에요. 딸기는 6개 남았어요.,전기,뺄셈
3,수학,68 - 3 은 얼마일까요?,64,65,66,71,38,2,일의 자리 8에서 3을 빼면 5이고 십의 자리 6은 그대로라서 65예요.,전기,뺄셈
3,수학,80 - 50 은 얼마일까요?,30,130,20,40,3,1,10묶음 8개에서 5개를 빼면 10묶음 3개라서 30이에요.,전기,뺄셈
3,수학,45 - 12 는 얼마일까요?,32,34,57,33,23,4,"일의 자리 5에서 2를 빼면 3, 십의 자리 4에서 1을 빼면 3이라서 33이에요.",전기,뺄셈
3,수학,10개씩 4묶음과 낱개 6개는 모두 몇 개일까요?,64,46,40,10,16,2,10개씩 4묶음은 40이고 낱개 6개를 더하면 46이에요.,강철,수 세기·자릿수
3,수학,85에서 십의 자리 숫자는 무엇일까요?,5,8,85,50,80,2,85는 10묶음 8개와 낱개 5개예요. 십의 자리 숫자는 8이에요.,전기,수 세기·자릿수
3,수학,"10, 20, 30, 40 다음에 오는 수는 무엇일까요?",60,45,100,50,41,4,10씩 커지는 수예요. 40 다음은 50이에요.,강철,수 세기·자릿수
3,수학,69보다 1 큰 수는 무엇일까요?,71,60,79,68,70,5,69 다음 수는 70이에요. 69보다 1 큰 수는 70이에요.,바위,수 세기·자릿수
3,수학,"45, 54, 51, 48 중에서 가장 큰 수는 무엇일까요?",15,48,51,45,54,5,"십의 자리를 먼저 비교해요. 45, 48은 4이고 51, 54는 5예요. 5인 수 중에서 일의 자리가 더 큰 54가 가장 커요.",바위,수 세기·자릿수
3,수학,달리기에서 민수 앞에 2명이 있어요. 민수는 앞에서 몇째일까요?,첫째,다섯째,셋째,둘째,넷째,3,앞에 2명이 있으면 민수는 그다음이니까 앞에서 셋째예요.,전기,수 세기·자릿수
3,수학,동그라미 모양은 뾰족한 곳(꼭짓점)이 몇 개일까요?,4,3,2,0,1,4,동그라미는 둥글어서 뾰족한 곳이 하나도 없어요.,바위,모양(도형)
3,수학,피자 한 판을 위에서 보면 무슨 모양일까요?,하트 모양,동그라미,네모,별 모양,세모,2,피자 한 판은 둥근 동그라미 모양이에요.,전기,모양(도형)
3,수학,뾰족한 곳이 4개이고 곧은 선도 4개인 모양은 무엇일까요?,세모,하트 모양,동그라미,네모,별 모양,4,"뾰족한 곳 4개, 곧은 선 4개인 모양은 네모예요.",바위,모양(도형)
3,수학,모양과 뾰족한 곳의 수가 바르게 짝지어진 것은 무엇일까요?,세모 - 3개,네모 - 5개,세모 - 4개,네모 - 3개,동그라미 - 1개,1,"세모는 뾰족한 곳이 3개, 네모는 4개, 동그라미는 0개예요.",바위,모양(도형)
3,수학,"짧은 바늘이 6, 긴 바늘이 12를 가리키면 몇 시일까요?",6시,12시,6시 30분,3시,9시,1,긴 바늘이 12를 가리키면 정각이에요. 짧은 바늘이 6이니까 6시예요.,강철,시계·길이·비교
3,수학,"짧은 바늘이 11과 12 사이, 긴 바늘이 6을 가리키면 몇 시 몇 분일까요?",11시 30분,12시,12시 30분,6시,11시,1,긴 바늘이 6이면 30분이에요. 짧은 바늘이 11을 지났으니 11시 30분이에요.,바위,시계·길이·비교
3,수학,"필통은 지우개 4개 길이, 자는 지우개 6개 길이예요. 더 짧은 것은 무엇일까요?",자,필통,알 수 없어요,똑같아요,지우개,2,지우개 4개가 6개보다 적으니까 필통이 더 짧아요.,바위,시계·길이·비교
3,수학,책가방과 연필 중에서 더 가벼운 것은 무엇일까요?,똑같아요,책가방,둘 다 무거워요,알 수 없어요,연필,5,연필은 작고 가볍고 책가방은 크고 무거워요. 연필이 더 가벼워요.,강철,시계·길이·비교
