은행,과목,문제,보기1,보기2,보기3,보기4,보기5,정답,해설,속성,영역
1,역사,아주 먼 옛날 사람들이 돌을 깨뜨려 만든 도구는?,가마솥,뗀석기,빗살무늬 토기,고인돌,간석기,2,구석기 시대 사람들은 돌을 깨뜨려 뗀석기를 만들어 썼어요.,독,선사 시대
1,역사,우리나라 첫 나라인 고조선을 세운 사람은?,단군,주몽,세종대왕,이순신,박혁거세,1,단군이 우리나라의 첫 나라 고조선을 세웠다고 전해져요.,독,고조선·삼국
1,역사,나무와 흙으로 지은 우리나라 전통 집을 무엇이라 하나요?,빌라,텐트,이글루,아파트,한옥,5,우리나라 전통 집을 한옥이라고 불러요.,고스트,옛날 생활·도구
1,역사,우리 글자 한글을 만든 임금은?,김구,세종대왕,이순신,단군,광개토대왕,2,세종대왕이 백성을 위해 한글을 만들었어요.,고스트,인물·명절
1,역사,구석기 시대 사람들이 추위와 사나운 짐승을 피해 살던 곳은?,초가집,아파트,궁궐,동굴,기와집,4,구석기 시대 사람들은 동굴이나 바위 그늘에서 살았어요.,악,선사 시대
1,역사,단군 이야기에서 쑥과 마늘을 먹고 사람이 된 동물은?,토끼,곰,호랑이,원숭이,사자,2,"곰은 참고 쑥과 마늘을 먹어 사람이 되었고, 단군의 어머니가 되었어요.",고스트,고조선·삼국
1,역사,한옥에서 방바닥을 따뜻하게 데우는 것은?,냉장고,창문,선풍기,온돌,에어컨,4,아궁이에 불을 때면 온돌이 방바닥을 따뜻하게 데워 줘요.,악,옛날 생활·도구
1,역사,거북선을 만들어 바다에서 싸운 장군은?,이순신,안중근,주몽,장영실,세종대왕,1,이순신 장군은 거북선으로 바다에서 나라를 지켰어요.,고스트,인물·명절
1,역사,돌을 갈아서 매끈하게 만든 신석기 시대 도구는?,등잔,붓,부채,간석기,뗀석기,4,신석기 시대에는 돌을 갈아 간석기를 만들었어요.,악,선사 시대
1,역사,단군 이야기에서 곰과 호랑이가 사람이 되려고 먹은 것은?,쌀과 콩,고기와 생선,사과와 배,떡과 과일,쑥과 마늘,5,곰과 호랑이는 동굴에서 쑥과 마늘만 먹으며 참아야 했어요.,악,고조선·삼국
1,역사,지붕을 볏짚으로 덮은 옛날 집은?,아파트,기와집,초가집,이글루,궁궐,3,초가집은 볏짚으로 지붕을 덮은 집이에요.,악,옛날 생활·도구
1,역사,해시계 앙부일구와 물시계 자격루를 만든 사람은?,유관순,장영실,세종대왕,신사임당,이순신,2,장영실은 해시계와 물시계 같은 기구를 만든 과학자예요.,고스트,인물·명절
1,역사,겉에 빗 모양 무늬가 있는 신석기 시대 그릇은?,가마솥,유리컵,빗살무늬 토기,놋그릇,등잔,3,신석기 시대 사람들은 흙으로 빗살무늬 토기를 만들어 곡식을 담았어요.,독,선사 시대
1,역사,단군 이야기에서 참지 못하고 동굴을 뛰쳐나간 동물은?,토끼,거북이,호랑이,사슴,곰,3,호랑이는 참지 못하고 동굴을 뛰쳐나가 사람이 되지 못했어요.,독,고조선·삼국
1,역사,우리나라 전통 옷의 이름은?,한복,교복,잠옷,기모노,청바지,1,한복은 우리나라 사람들이 옛날부터 입어 온 옷이에요.,악,옛날 생활·도구
1,역사,3·1 운동 때 태극기를 들고 만세를 외친 소녀는?,세종대왕,김구,신사임당,유관순,이순신,4,유관순은 3·1 운동 때 태극기를 흔들며 만세를 불렀어요.,악,인물·명절
1,역사,신석기 시대 사람들이 땅을 파고 지붕을 덮어 만든 집은?,아파트,초가집,움집,이글루,기와집,3,신석기 시대 사람들은 땅을 파고 풀과 나뭇가지로 지붕을 덮은 움집에서 살았어요.,독,선사 시대
1,역사,고구려를 세운 사람은?,세종대왕,박혁거세,온조,단군,주몽,5,활을 잘 쏘던 주몽이 고구려를 세웠어요.,독,고조선·삼국
1,역사,옛날 사람들이 짚으로 엮어 만들어 신은 신발은?,구두,짚신,장화,슬리퍼,운동화,2,옛날 사람들은 볏짚으로 엮은 짚신을 신었어요.,고스트,옛날 생활·도구
1,역사,설날 아침에 먹는 음식은?,떡국,오곡밥,송편,케이크,팥빙수,1,설날에는 떡국을 먹고 한 살 더 먹는다고 해요.,고스트,인물·명절
1,역사,신석기 시대에 사람들이 처음 시작한 일은?,농사짓기,자동차 타기,비행기 만들기,한글 쓰기,컴퓨터 하기,1,신석기 시대부터 씨를 뿌려 농사를 짓기 시작했어요.,악,선사 시대
1,역사,백제를 세운 사람은?,단군,이순신,박혁거세,주몽,온조,5,주몽의 아들 온조가 남쪽으로 내려가 백제를 세웠어요.,독,고조선·삼국
1,역사,옛날 어른 남자들이 머리에 쓰던 검은 모자는?,밀짚모자,헬멧,왕관,갓,야구 모자,4,옛날 어른 남자들은 외출할 때 갓을 썼어요.,독,옛날 생활·도구
1,역사,설날 아침에 어른들께 절하며 드리는 인사는?,악수,하이파이브,세배,경례,윙크,3,설날에는 어른들께 세배를 드리고 덕담을 들어요.,고스트,인물·명절
2,역사,청동기 시대에 큰 돌을 세우고 얹어 만든 무덤은?,첨성대,성벽,고인돌,움집,탑,3,고인돌은 청동기 시대에 큰 돌로 만든 무덤이에요.,악,선사 시대
2,역사,신라를 세운 사람은?,박혁거세,광개토대왕,주몽,김구,온조,1,알에서 태어난 박혁거세가 신라를 세웠어요.,고스트,고조선·삼국
2,역사,곡식을 넣고 절굿공이로 찧는 도구는?,절구,부채,지게,맷돌,물레,1,절구에 곡식을 넣고 절굿공이로 쿵쿵 찧었어요.,악,옛날 생활·도구
2,역사,추석에 먹는 반달 모양의 떡은?,가래떡,인절미,송편,떡국,케이크,3,추석에는 솔잎을 깔고 찐 반달 모양 송편을 먹어요.,독,인물·명절
2,역사,구석기 시대 사람들이 먹을 것을 얻은 방법은?,냉장고에서 꺼내기,식당에서 먹기,배달 시키기,마트에서 사기,사냥과 열매 따기,5,구석기 시대에는 짐승을 사냥하고 열매를 따서 먹었어요.,독,선사 시대
2,역사,"고구려, 백제, 신라 중 가장 북쪽에 있던 나라는?",백제,가야,고구려,신라,조선,3,고구려는 삼국 중 가장 북쪽에 있던 큰 나라예요.,독,고조선·삼국
2,역사,콩이나 곡식을 넣고 위아래 돌을 돌려 가는 도구는?,가마솥,지게,절구,맷돌,등잔,4,맷돌은 둥근 돌 두 개를 겹쳐 돌려서 곡식을 갈아요.,악,옛날 생활·도구
2,역사,추석 밤에 볼 수 있는 크고 둥근 달은?,그믐달,반달,초승달,보름달,해,4,추석에는 크고 둥근 보름달을 보며 소원을 빌어요.,독,인물·명절
2,역사,옛날 사람들이 불을 쓰면서 할 수 있게 된 일은?,자동차 타기,고기 익혀 먹기,텔레비전 보기,전화하기,얼음 만들기,2,불이 있어서 고기를 익혀 먹고 추위도 피할 수 있었어요.,독,선사 시대
2,역사,"고구려, 백제, 신라 중 서남쪽에 있던 나라는?",고조선,고구려,가야,백제,신라,4,백제는 우리나라 서남쪽에 있었어요.,고스트,고조선·삼국
2,역사,옛날에 짐을 등에 지고 나를 때 쓴 도구는?,맷돌,지게,절구,붓,부채,2,지게에 짐을 얹고 등에 지고 날랐어요.,고스트,옛날 생활·도구
2,역사,단오에 즐기던 대표적인 놀이는?,썰매 타기,눈사람 만들기,스케이트,눈싸움,그네뛰기,5,단오에는 그네를 뛰고 부채를 선물했어요.,악,인물·명절
2,역사,고인돌을 많이 만든 시대는 언제인가요?,요즘,구석기 시대,조선 시대,청동기 시대,신석기 시대,4,고인돌은 청동기 시대의 무덤이에요.,고스트,선사 시대
2,역사,"고구려, 백제, 신라 중 동남쪽에 있던 나라는?",조선,고구려,신라,백제,고조선,3,신라는 우리나라 동남쪽에 있었어요.,악,고조선·삼국
2,역사,옛날에 아궁이에 얹어 밥을 짓던 크고 무거운 쇠솥은?,프라이팬,가마솥,냄비,전기밥솥,주전자,2,가마솥은 아궁이 위에 얹어 밥을 짓던 큰 쇠솥이에요.,악,옛날 생활·도구
2,역사,정월 대보름에 다섯 가지 곡식을 섞어 지은 밥은?,오곡밥,볶음밥,송편,김밥,떡국,1,정월 대보름에는 다섯 가지 곡식으로 지은 오곡밥을 먹어요.,독,인물·명절
2,역사,뗀석기를 만들어 쓰던 시대는 언제인가요?,삼국 시대,신석기 시대,청동기 시대,구석기 시대,조선 시대,4,돌을 깨뜨려 만든 뗀석기는 구석기 시대의 도구예요.,독,선사 시대
2,역사,고구려의 땅을 아주 크게 넓힌 왕은?,광개토대왕,박혁거세,온조,단군,세종대왕,1,광개토대왕은 고구려의 땅을 크게 넓힌 왕이에요.,악,고조선·삼국
2,역사,옛날에 밤에 기름을 태워 불을 밝히던 물건은?,스탠드,등잔,형광등,손전등,텔레비전,2,전기가 없던 옛날에는 등잔에 기름을 넣고 불을 밝혔어요.,고스트,옛날 생활·도구
2,역사,"정월 대보름 아침에 깨물어 먹는 땅콩, 호두 같은 것은?",떡국,젤리,송편,사탕,부럼,5,정월 대보름에는 부럼을 깨물며 한 해 건강을 빌어요.,독,인물·명절
2,역사,빗살무늬 토기를 만들어 쓰던 시대는 언제인가요?,신석기 시대,고려 시대,청동기 시대,조선 시대,구석기 시대,1,빗살무늬 토기는 신석기 시대 사람들이 만든 그릇이에요.,고스트,선사 시대
2,역사,신라 사람들이 하늘의 별을 살피려고 만든 돌탑은?,고인돌,첨성대,에펠탑,거북선,남대문,2,첨성대는 신라 사람들이 별을 살피려고 만든 돌탑이에요.,악,고조선·삼국
2,역사,옛날 아이들이 글을 배우러 다니던 곳은?,병원,도서관,유치원,학원,서당,5,옛날 아이들은 서당에 가서 글을 배웠어요.,고스트,옛날 생활·도구
2,역사,한글날은 몇 월 며칠인가요?,8월 15일,12월 25일,5월 5일,3월 1일,10월 9일,5,한글날은 10월 9일이에요.,고스트,인물·명절
3,역사,신석기 시대 사람들이 물고기를 잡을 때 쓴 도구는?,컴퓨터,자동차,낚싯바늘,텔레비전,연필,3,신석기 시대 사람들은 뼈로 만든 낚싯바늘과 그물로 물고기를 잡았어요.,고스트,선사 시대
3,역사,신라 임금이 쓰던 금으로 만든 반짝이는 왕관은?,야구 모자,금관,갓,밀짚모자,헬멧,2,신라의 임금은 금으로 만든 화려한 금관을 썼어요.,악,고조선·삼국
3,역사,서당에서 아이들을 가르치던 선생님을 뭐라고 불렀나요?,훈장님,교장 선생님,의사 선생님,경찰관,사또,1,서당의 선생님을 훈장님이라고 불렀어요.,고스트,옛날 생활·도구
3,역사,우리나라를 나타내는 국기의 이름은?,태극기,만국기,청기,백기,깃발,1,우리나라 국기는 태극기예요.,악,인물·명절
3,역사,움집의 지붕은 무엇으로 덮었나요?,유리,플라스틱,풀과 나뭇가지,종이,쇠,3,움집은 땅을 파고 그 위에 풀과 나뭇가지로 지붕을 덮은 집이에요.,고스트,선사 시대
3,역사,"고구려, 백제, 신라를 하나로 합친 나라는?",신라,백제,고구려,가야,고조선,1,신라가 세 나라를 하나로 합쳐 삼국을 통일했어요.,독,고조선·삼국
3,역사,옛날 사람들이 글씨를 쓸 때 쓴 도구는?,크레파스,볼펜,컴퓨터,붓과 먹,연필과 지우개,4,옛날에는 먹을 갈아 붓에 묻혀 글씨를 썼어요.,독,옛날 생활·도구
3,역사,우리나라를 나타내는 꽃은?,튤립,해바라기,벚꽃,장미,무궁화,5,우리나라 꽃은 무궁화예요.,독,인물·명절
3,역사,구석기 시대 사람들이 옷 대신 몸에 두른 것은?,한복,우주복,청바지,교복,동물 가죽,5,구석기 시대 사람들은 사냥한 동물의 가죽을 몸에 둘렀어요.,악,선사 시대
3,역사,주몽과 박혁거세는 무엇에서 태어났다고 전해지나요?,구름,나무,알,바위,꽃,3,주몽과 박혁거세는 커다란 알에서 태어났다는 이야기가 전해져요.,악,고조선·삼국
3,역사,옛날에 사람들이 모여 물건을 사고팔던 곳은?,인터넷 쇼핑,장터,편의점,백화점,마트,2,옛날에는 장이 서는 날 장터에 모여 물건을 사고팔았어요.,고스트,옛날 생활·도구
3,역사,우리나라를 나타내는 노래의 이름은?,동요,교가,자장가,애국가,생일 축하 노래,4,우리나라 노래는 애국가예요.,독,인물·명절
3,역사,구석기 시대 사람들은 어떻게 살았나요?,기차를 탔어요,옮겨 다니며 살았어요,아파트에 살았어요,농사지으며 살았어요,학교에 다녔어요,2,구석기 시대 사람들은 먹을 것을 찾아 이리저리 옮겨 다녔어요.,악,선사 시대
3,역사,"고구려, 백제, 신라 세 나라를 함께 부르는 말은?",삼촌,삼각형,삼겹살,삼국,삼총사,4,"고구려, 백제, 신라 세 나라를 합쳐 삼국이라고 불러요.",고스트,고조선·삼국
3,역사,윷을 던져 나온 대로 말을 옮기는 전통 놀이는?,윷놀이,투호,제기차기,연날리기,팽이치기,1,윷놀이는 윷 네 개를 던져 말을 옮기는 놀이예요.,고스트,옛날 생활·도구
3,역사,풀과 벌레 그림을 잘 그린 것으로 유명한 옛날 여성은?,유관순,장영실,이순신,세종대왕,신사임당,5,신사임당은 풀과 벌레를 그린 그림으로 유명해요.,고스트,인물·명절
3,역사,농사를 지으며 한곳에 모여 살기 시작한 시대는?,삼국 시대,신석기 시대,구석기 시대,요즘,조선 시대,2,신석기 시대부터 농사를 지으며 한곳에 마을을 이루고 살았어요.,독,선사 시대
3,역사,주몽이 세운 나라는?,신라,백제,조선,고조선,고구려,5,주몽은 북쪽 땅에 고구려를 세웠어요.,독,고조선·삼국
3,역사,발로 차 올리며 떨어뜨리지 않는 전통 놀이는?,연날리기,투호,팽이치기,윷놀이,제기차기,5,제기차기는 제기를 발로 차 올리며 노는 놀이예요.,악,옛날 생활·도구
3,역사,'백범'이라고 불리며 나라의 독립을 위해 힘쓴 분은?,세종대왕,온조,장영실,김구,이순신,4,백범 김구는 나라의 독립을 위해 평생 애쓴 분이에요.,독,인물·명절
3,역사,청동기 시대에 새로 만들어 쓴 반짝이는 도구의 재료는?,플라스틱,유리,청동,나무,종이,3,청동기 시대에는 구리를 섞어 만든 청동으로 칼과 거울을 만들었어요.,악,선사 시대
3,역사,첨성대를 만든 나라는?,백제,고조선,고구려,신라,가야,4,첨성대는 신라의 수도였던 경주에 지금도 남아 있어요.,독,고조선·삼국
3,역사,바람을 타고 하늘에 띄우며 노는 전통 놀이는?,연날리기,윷놀이,투호,팽이치기,제기차기,1,연날리기는 실을 매단 연을 바람에 띄우는 놀이예요.,악,옛날 생활·도구
3,역사,하얼빈 역에서 이토 히로부미를 쏜 독립운동가는?,이순신,안중근,김구,유관순,세종대왕,2,안중근은 하얼빈 역에서 이토 히로부미를 쏜 독립운동가예요.,고스트,인물·명절
